verdict,code,name,city,country,population,leisure,bestDemand,bestPartner,bestKm,feederDemand,feederHub,feederKm,nearestKm,nearest
ADD,XUZ,Xuzhou Guanyin,Xuzhou,CN,9,0,14716,PVG,513,14716,PVG,513,285,NKG
ADD,WEF,Weifang Nanyuan,Weifang,CN,9.4,0,14373,PVG,661,14373,PVG,661,111,TAO
ADD,YNZ,Yancheng Nanyang,Yancheng,CN,7.2,0,14119,PVG,296,14119,PVG,296,168,NTG
ADD,NNY,Nanyang Jiangying,Nanyang,CN,9.7,0,13658,PVG,890,13658,PVG,890,165,WDS
ADD,FUG,Fuyang Xiguan,Fuyang,CN,8.2,0,13656,PVG,604,13656,PVG,604,209,HFE
ADD,HYN,Taizhou Luqiao,Taizhou,CN,6.6,0,13548,PVG,289,13548,PVG,289,92,WNZ
ADD,HDG,Handan,Handan,CN,9.4,0,13450,PKX,375,13450,PKX,375,197,SJW
ADD,JNG,Jining Da'an,Jining,CN,8,0,13162,PVG,685,13162,PVG,685,191,TNA
ADD,KOW,Ganzhou Huangjin,Ganzhou,CN,8.9,0,13032,PVG,903,13032,PVG,903,303,CSX
ADD,HUZ,Huizhou Pingtan,Huizhou,CN,6,0,11625,HKG,109,11625,HKG,109,93,SZX
ADD,JOG,Yogyakarta Intl,Yogyakarta,ID,4,1,11511,CGK,423,11511,CGK,423,109,SRG
ADD,YTY,Yangzhou Taizhou,Yangzhou,CN,4.5,0,11327,PVG,252,11327,PVG,252,121,NKG
ADD,HIA,Huai'an Lianshui,Huai'an,CN,4.6,0,10952,PVG,387,10952,PVG,387,229,NKG
ADD,LYI,Linyi Qiyang,Linyi,CN,5,0,10885,PVG,537,10885,PVG,537,225,TAO
ADD,LYG,Lianyungang Baitabu,Lianyungang,CN,4.6,0,10733,PVG,450,10733,PVG,450,221,TAO
ADD,KWL,Guilin Liangjiang,Guilin,CN,5,1,10201,HKG,510,10201,HKG,510,347,NNG
ADD,XFN,Xiangyang Liuji,Xiangyang,CN,5.3,0,10046,PVG,907,10046,PVG,907,139,WDS
ADD,CGD,Changde Taohuayuan,Changde,CN,5.3,0,9767,PVG,1008,9767,PVG,1008,118,DYG
ADD,BFJ,Bijie Feixiong,Bijie,CN,6.9,0,9486,PVG,1641,9486,PVG,1641,155,KWE
ADD,LYP,Faisalabad Intl,Faisalabad,PK,3.6,0,9460,DEL,504,9460,DEL,504,135,LHE
ADD,NDG,Qiqihar Sanjiazi,Qiqihar,CN,5.3,0,9450,HND,1848,9450,HND,1848,254,HRB
ADD,JGS,Ji'an Jinggangshan,Ji'an,CN,4.5,0,9448,PVG,835,9448,PVG,835,211,CSX
ADD,CDE,Chengde Puning,Chengde,CN,3.4,1,9439,PEK,158,9439,PEK,158,158,PEK
ADD,CGQ,Changchun Longjia,Changchun,CN,4.5,0,9397,HND,1524,9397,HND,1524,187,HRB
ADD,CIF,Chifeng Yulong,Chifeng,CN,4.3,0,9178,PEK,309,9178,PEK,309,309,PEK
ADD,YCU,Yuncheng Zhangxiao,Yuncheng,CN,4.8,0,9078,PVG,1095,9078,PVG,1095,131,LYA
ADD,BFU,Bengbu,Bengbu,CN,3.3,0,9051,PVG,463,9051,PVG,463,172,HFE
ADD,DAX,Dazhou Heshi,Dazhou,CN,5.4,0,8973,PVG,1367,8973,PVG,1367,174,CKG
ADD,BPE,Qinhuangdao Beidaihe,Qinhuangdao,CN,3.1,1,8912,PKX,228,8912,PKX,228,159,TSN
ADD,NAO,Nanchong Gaoping,Nanchong,CN,5.6,0,8861,PVG,1491,8861,PVG,1491,128,CKG
ADD,MXZ,Meixian,Meizhou,CN,4,0,8827,HKG,321,8827,HKG,321,97,SWA
ADD,LFQ,Linfen Qiaoli,Linfen,CN,4.3,0,8602,PVG,1091,8602,PVG,1091,169,LYA
ADD,HJJ,Huaihua Zhijiang,Huaihua,CN,4.6,0,8548,PVG,1243,8548,PVG,1243,198,DYG
ADD,YIH,Yichang Sanxia,Yichang,CN,4,0,8535,PVG,987,8535,PVG,987,191,DYG
ADD,LZH,Liuzhou Bailian,Liuzhou,CN,4.2,0,8516,HKG,508,8516,HKG,508,217,NNG
ADD,JIL,Jilin Ertaizi,Jilin,CN,3.6,0,8502,HND,1477,8502,HND,1477,181,HRB
ADD,RIZ,Rizhao Shanzihe,Rizhao,CN,3,0,8459,PVG,527,8459,PVG,527,139,TAO
ADD,DAT,Datong Yungang,Datong,CN,3.4,0,8410,PKX,258,8410,PKX,258,224,SJW
ADD,ZAT,Zhaotong,Zhaotong,CN,5.3,0,8011,PVG,1800,8011,PVG,1800,260,KMG
ADD,HET,Hohhot Baita,Hohhot,CN,3.4,0,7978,PKX,417,7978,PKX,417,158,BAV
ADD,JUZ,Quzhou,Quzhou,CN,2.3,0,7790,PVG,369,7790,PVG,369,117,YIW
ADD,UYN,Yulin Yuyang,Yulin,CN,3.6,0,7739,PKX,606,7739,PKX,606,257,BAV
ADD,YBP,Yibin Wuliangye,Yibin,CN,4.6,0,7673,PVG,1680,7673,PVG,1680,161,CTU
ADD,CIH,Changzhi Wangcun,Changzhi,CN,3.2,0,7644,PVG,982,7644,PVG,982,173,TYN
ADD,LZO,Luzhou Yunlong,Luzhou,CN,4.3,0,7564,PVG,1598,7564,PVG,1598,154,CKG
ADD,WUZ,Wuzhou Xijiang,Wuzhou,CN,2.8,0,7440,HKG,298,7440,HKG,298,209,CAN
ADD,LCX,Longyan Guanzhishan,Longyan,CN,2.7,0,7429,PVG,783,7429,PVG,783,187,XMN
ADD,HZH,Liping,Qiandongnan,CN,3.5,0,7426,HKG,657,7426,HKG,657,235,KWE
ADD,AEB,Baise Youjiang,Baise,CN,3.6,0,7373,HKG,728,7373,HKG,728,175,NNG
ADD,JNZ,Jinzhou Bay,Jinzhou,CN,2.9,0,7350,PKX,425,7350,PKX,425,218,SHE
ADD,MDG,Mudanjiang Hailang,Mudanjiang,CN,2.3,0,7066,HND,1321,7066,HND,1321,288,HRB
ADD,TGO,Tongliao,Tongliao,CN,2.8,0,7032,HND,1745,7032,HND,1745,238,SHE
ADD,THD,Tho Xuan,Thanh Hoa,VN,3.6,0,6986,HKG,915,6986,HKG,915,151,HAN
ADD,TEN,Tongren Fenghuang,Tongren,CN,3.1,0,6984,PVG,1261,6984,PVG,1261,175,DYG
ADD,MUX,Multan Intl,Multan,PK,2,0,6887,DEL,580,6887,DEL,580,320,LHE
ADD,JDZ,Jingdezhen Luojia,Jingdezhen,CN,1.6,1,6873,PVG,487,6873,PVG,487,135,KHN
ADD,HZG,Hanzhong Chenggu,Hanzhong,CN,3.2,0,6835,PVG,1408,6835,PVG,1408,222,XIY
ADD,ACX,Xingyi Wanfenglin,Xingyi,CN,3.5,0,6799,HKG,962,6799,HKG,962,204,KMG
ADD,JMU,Jiamusi Dongjiao,Jiamusi,CN,2.3,0,6798,HND,1475,6798,HND,1475,351,HRB
ADD,DOY,Dongying Shengli,Dongying,CN,2.2,0,6751,PVG,760,6751,PVG,760,157,TNA
ADD,WNH,Wenshan Puzhehei,Wenshan,CN,3.5,0,6744,HKG,992,6744,HKG,992,223,KMG
ADD,DDG,Dandong Langtou,Dandong,CN,2.2,0,6696,HND,1447,6696,HND,1447,148,FNJ
ADD,TXN,Huangshan Tunxi,Huangshan,CN,1.4,1,6666,PVG,374,6666,PVG,374,177,YIW
ADD,NAK,Nakhon Ratchasima,Nakhon Ratchasima,TH,2.6,0,6577,BKK,219,6577,BKK,219,217,DMK
ADD,YYK,Yingkou Lanqi,Yingkou,CN,2.3,0,6564,HND,1620,6564,HND,1620,155,SHE
ADD,AKA,Ankang Wulipu,Ankang,CN,2.6,0,6454,PVG,1226,6454,PVG,1226,186,WDS
ADD,PEW,Bacha Khan Intl,Peshawar,PK,2,0,6442,DEL,804,6442,DEL,804,132,ISB
ADD,SXR,Srinagar Intl,Srinagar,IN,1.5,1,6427,DEL,643,6427,DEL,643,145,IXJ
ADD,AVA,Anshun Huangguoshu,Anshun,CN,2.5,1,6378,HKG,925,6378,HKG,925,98,KWE
ADD,LPF,Liupanshui Yuezhao,Liupanshui,CN,3,0,6192,HKG,1022,6192,HKG,1022,181,KWE
ADD,BHY,Beihai Fucheng,Beihai,CN,1.8,1,6170,HKG,484,6170,HKG,484,117,ZHA
ADD,DSN,Ordos Ejin Horo,Ordos,CN,2.2,0,6132,PKX,562,6132,PKX,562,119,BAV
ADD,ENY,Yan'an Nanniwan,Yan'an,CN,2.3,0,6021,PKX,695,6021,PKX,695,225,XIY
ADD,IXD,Prayagraj,Prayagraj,IN,1.2,1,5867,DEL,576,5867,DEL,576,112,VNS
ADD,JDH,Jodhpur,Jodhpur,IN,1.1,1,5797,DEL,475,5797,DEL,475,200,UDR
ADD,ISK,Nashik Ozar,Nashik,IN,1.6,0,5734,BOM,158,5734,BOM,158,158,BOM
ADD,IQN,Qingyang Xifeng,Qingyang,CN,2.2,0,5660,PVG,1414,5660,PVG,1414,183,XIY
ADD,GWL,Gwalior Rajmata,Gwalior,IN,1.1,0,5631,DEL,276,5631,DEL,276,100,AGR
ADD,BSD,Baoshan Yunrui,Baoshan,CN,2.5,0,5583,DAC,898,5583,DAC,898,211,LJG
ADD,IFN,Isfahan Shahid Beheshti,Isfahan,IR,2.2,0,5581,DXB,901,5581,DXB,901,304,IKA
ADD,FMO,Munster Osnabruck,Munster,DE,1.5,0,5470,LHR,564,5470,LHR,564,112,DUS
ADD,BEK,Bareilly,Bareilly,IN,1,0,5452,DEL,230,5452,DEL,230,203,AGR
ADD,ADA,Adana Sakirpasa,Adana,TR,2.2,0,5446,CAI,844,5446,CAI,844,195,GZT
ADD,SYZ,Shiraz Dastgheib,Shiraz,IR,1.7,0,5442,DXB,550,5442,DXB,550,411,BAH
ADD,JLR,Jabalpur Dumna,Jabalpur,IN,1.3,0,5407,DEL,667,5407,DEL,667,254,NAG
ADD,DED,Dehradun Jolly Grant,Dehradun,IN,0.8,1,5396,DEL,209,5396,DEL,209,144,IXC
ADD,IXW,Jamshedpur Sonari,Jamshedpur,IN,1.6,0,5290,DEL,1111,5290,DEL,1111,103,IXR
ADD,WXN,Wanzhou Wuqiao,Wanzhou,CN,1.6,0,4998,PVG,1276,4998,PVG,1276,118,ENH
ADD,IXU,Aurangabad,Aurangabad,IN,1.2,0,4765,BOM,279,4765,BOM,279,211,PNQ
ADD,CNN,Kannur Intl,Kannur,IN,1.6,0,4615,BOM,847,4615,BOM,847,97,CCJ
ADD,HEK,Heihe Aihui,Heihe,CN,1.3,0,4614,HND,1911,4614,HND,1911,512,HRB
ADD,HTN,Hotan,Hotan,CN,1.1,0,4548,DEL,977,4548,DEL,977,384,IXL
ADD,UET,Quetta Intl,Quetta,PK,1.1,0,4518,DEL,1002,4518,DEL,1002,524,KBL
ADD,BHV,Bahawalpur,Bahawalpur,PK,0.8,0,4422,DEL,531,4422,DEL,531,352,LHE
ADD,ROI,Roi Et,Roi Et,TH,1.3,0,4347,BKK,422,4347,BKK,422,152,UBP
ADD,BKB,Bikaner Nal,Bikaner,IN,0.7,0,4333,DEL,385,4333,DEL,385,292,JAI
ADD,AWZ,Ahvaz Intl,Ahvaz,IR,1.3,0,4248,DXB,936,4248,DXB,936,137,BSR
ADD,DNZ,Denizli Cardak,Denizli,TR,1,1,4246,IST,395,4246,IST,395,139,AYT
ADD,ASR,Kayseri Erkilet,Kayseri,TR,1.4,0,4237,IST,638,4237,IST,638,229,MLX
ADD,SSE,Solapur,Solapur,IN,1,0,4232,BOM,361,4232,BOM,361,237,PNQ
ADD,AAN,Al Ain Intl,Al Ain,AE,0.77,0,4232,DXB,113,4232,DXB,113,99,AUH
ADD,GNY,Sanliurfa GAP,Sanliurfa,TR,1.5,0,4223,CAI,1070,4223,CAI,1070,131,MLX
ADD,TBZ,Tabriz Intl,Tabriz,IR,1.6,0,4173,IKA,531,4173,IKA,531,257,VAN
ADD,RJH,Shah Makhdum,Rajshahi,BD,0.9,0,4172,DAC,193,4172,DAC,193,193,DAC
ADD,PAD,Paderborn Lippstadt,Paderborn,DE,0.9,0,4155,LHR,627,4155,LHR,627,120,HAJ
ADD,IMF,Imphal Bir Tikendrajit,Imphal,IN,1,0,4145,DAC,369,4145,DAC,369,221,JRH
ADD,HBX,Hubli,Hubli-Dharwad,IN,1,0,4079,BOM,477,4079,BOM,477,134,GOI
ADD,RKZ,Shigatse Peace,Shigatse,CN,0.8,1,4023,DEL,1191,4023,DEL,1191,155,LXA
ADD,YNJ,Yanji Chaoyangchuan,Yanji,CN,0.7,0,4016,HND,1205,4016,HND,1205,397,HRB
ADD,MYQ,Mysuru,Mysuru,IN,1,1,3989,BOM,864,3989,BOM,864,140,CJB
ADD,GOP,Gorakhpur,Gorakhpur,IN,0.7,0,3979,DEL,657,3979,DEL,657,155,VNS
ADD,BND,Bandar Abbas Intl,Bandar Abbas,IR,0.7,0,3859,DXB,242,3859,DXB,242,118,KHS
ADD,DJB,Sultan Thaha,Jambi,ID,0.6,0,3837,CGK,601,3837,CGK,601,183,PLM
ADD,VVO,Knevichi,Vladivostok,RU,0.6,0,3833,HND,1090,3833,HND,1090,529,HRB
ADD,ZHY,Zhongwei Shapotou,Zhongwei,CN,1.1,0,3814,PKX,1002,3814,PKX,1002,137,INC
ADD,RAO,Leite Lopes,Ribeirao Preto,BR,0.7,0,3806,GRU,289,3806,GRU,289,219,VCP
ADD,GOJ,Strigino,Nizhny Novgorod,RU,1.3,0,3773,SVO,396,3773,SVO,396,349,KZN
ADD,KER,Kerman,Kerman,IR,0.8,0,3699,DXB,580,3699,DXB,580,461,KHS
ADD,PZI,Panzhihua Bao'anying,Panzhihua,CN,1.2,0,3636,PVG,2011,3636,PVG,2011,155,LJG
ADD,FKS,Fukushima,Fukushima,JP,0.29,0,3522,NRT,164,3522,NRT,164,110,SDJ
ADD,DIY,Diyarbakir,Diyarbakir,TR,1.1,0,3508,CAI,1185,3508,CAI,1185,194,MLX
ADD,KHV,Novy,Khabarovsk,RU,0.6,0,3458,HND,1492,3458,HND,1492,750,HRB
ADD,GAY,Gaya Bodhgaya,Gaya,IN,0.5,1,3454,DEL,888,3454,DEL,888,96,PAT
ADD,KRR,Pashkovsky,Krasnodar,RU,1.1,0,3437,IST,943,3437,IST,943,187,AER
ADD,SLZ,Marechal Cunha Machado,Sao Luis,BR,1.6,0,3383,GRU,2330,3383,GRU,2330,316,THE
ADD,KSH,Kermanshah,Kermanshah,IR,0.95,0,3371,IKA,383,3371,IKA,383,297,BGW
ADD,DEA,Dera Ghazi Khan,Dera Ghazi Khan,PK,0.5,0,3361,DEL,660,3361,DEL,660,412,LHE
ADD,SXV,Salem,Salem,IN,0.9,0,3353,BLR,163,3353,BLR,163,132,TRZ
ADD,KLH,Kolhapur,Kolhapur,IN,0.6,0,3335,BOM,309,3335,BOM,309,151,GOI
ADD,MZR,Mazar-i-Sharif Intl,Mazar-i-Sharif,AF,0.7,0,3335,DEL,1294,3335,DEL,1294,248,DYU
ADD,ISU,Sulaymaniyah Intl,Sulaymaniyah,IQ,1,0,3302,IKA,528,3302,IKA,528,140,EBL
ADD,NDC,Nanded,Nanded,IN,0.6,0,3299,DEL,1043,3299,DEL,1043,246,HYD
ADD,XIC,Xichang Qingshan,Xichang,CN,0.95,0,3295,PVG,1927,3295,PVG,1927,240,LJG
ADD,PKR,Pokhara Intl,Pokhara,NP,0.4,1,3288,DEL,674,3288,DEL,674,147,KTM
ADD,BAR,Qionghai Bo'ao,Qionghai,CN,0.5,1,3232,HKG,504,3232,HKG,504,144,SYX
ADD,VOZ,Chertovitskoye,Voronezh,RU,1,0,3223,SVO,478,3223,SVO,478,294,HRK
ADD,SKZ,Sukkur,Sukkur,PK,0.5,0,3206,DEL,820,3206,DEL,820,352,KHI
ADD,BKS,Fatmawati Soekarno,Bengkulu,ID,0.4,0,3192,CGK,541,3192,CGK,541,283,PLM
ADD,TJQ,H.A.S. Hanandjoeddin,Tanjung Pandan,ID,0.3,1,3180,CGK,396,3180,CGK,396,339,PLM
ADD,BUZ,Bushehr,Bushehr,IR,0.6,0,3176,DXB,608,3176,DXB,608,280,KWI
ADD,KUF,Kurumoch,Samara,RU,1.2,0,3147,SVO,861,3147,SVO,861,240,KZN
ADD,DLU,Dali,Dali,CN,0.7,1,3136,DAC,1022,3136,DAC,1022,115,LJG
ADD,ZYL,Osmani Intl,Sylhet,BD,0.5,0,3108,DAC,194,3108,DAC,194,131,GAU
ADD,BAQ,Ernesto Cortissoz,Barranquilla,CO,1.3,0,3102,BOG,692,3102,BOG,692,94,CTG
ADD,NMA,Namangan,Namangan,UZ,0.65,0,3075,DEL,1470,3075,DEL,1470,111,OSS
ADD,ZAH,Zahedan,Zahedan,IR,0.6,0,3069,DXB,722,3069,DXB,722,588,KHS
ADD,LUM,Mangshi Dehong,Mangshi,CN,0.6,1,3066,DAC,827,3066,DAC,827,307,LJG
ADD,HKD,Hakodate,Hakodate,JP,0.25,1,3052,NRT,669,3052,NRT,669,116,AOJ
ADD,REW,Rewa,Rewa,IN,0.4,0,3052,DEL,610,3052,DEL,610,196,VNS
ADD,SAG,Sangli,Sangli,IN,0.5,0,3050,BOM,304,3050,BOM,304,191,GOI
ADD,CBB,Jorge Wilstermann,Cochabamba,BO,1.2,0,3038,GRU,2157,3038,GRU,2157,237,LPB
ADD,HDM,Hamadan,Hamadan,IR,0.7,0,3030,IKA,244,3030,IKA,244,244,IKA
ADD,MDZ,El Plumerillo,Mendoza,AR,1,0,3024,EZE,973,3024,EZE,973,196,SCL
ADD,RAS,Rasht,Rasht,IR,0.7,0,3022,IKA,252,3022,IKA,252,252,IKA
ADD,TTR,Pongtiku Toraja,Tana Toraja,ID,0.5,1,3013,CGK,1498,3013,CGK,1498,227,UPG
ADD,RYK,Shaikh Zayed,Rahim Yar Khan,PK,0.4,0,2999,DEL,667,2999,DEL,667,495,KHI
ADD,PGH,Pantnagar,Pantnagar,IN,0.3,0,2980,DEL,237,2980,DEL,237,237,DEL
ADD,AKU,Aksu Hongqipo,Aksu,CN,0.6,0,2975,DEL,1442,2975,DEL,1442,354,ALA
ADD,IXE,Mangalore Intl,Mangalore,IN,0.6,0,2937,BOM,715,2937,BOM,715,233,CCJ
ADD,BUP,Bathinda,Bathinda,IN,0.3,0,2921,DEL,296,2921,DEL,296,143,LHE
ADD,CEK,Balandino,Chelyabinsk,RU,1.2,0,2902,DEL,3225,2656,SVO,1506,176,SVX
ADD,HEA,Herat Intl,Herat,AF,0.6,0,2902,DEL,1543,2902,DEL,1543,326,MHD
ADD,FMM,Memmingen Allgau,Memmingen,DE,0.5,0,2893,LHR,859,2893,LHR,859,108,STR
ADD,BWA,Gautam Buddha Intl,Bhairahawa,NP,0.3,1,2885,DEL,631,2885,DEL,631,192,KTM
ADD,VAR,Varna,Varna,BG,0.4,1,2835,IST,232,2835,IST,232,136,CND
ADD,TIR,Tirupati,Tirupati,IN,0.5,1,2817,DEL,1679,2817,DEL,1679,99,MAA
ADD,KRL,Korla Licheng,Korla,CN,0.6,0,2813,DEL,1674,2813,DEL,1674,269,URC
ADD,SYM,Simao Pu'er,Pu'er,CN,0.7,0,2806,DAC,1084,2806,DAC,1084,93,JHG
ADD,HUN,Hualien,Hualien,TW,0.32,1,2803,PVG,792,2803,PVG,792,105,RMQ
ADD,DBR,Darbhanga,Darbhanga,IN,0.4,0,2795,DEL,910,2795,DEL,910,107,PAT
ADD,RJA,Rajahmundry,Rajahmundry,IN,0.5,0,2771,DEL,1362,2771,DEL,1362,126,VGA
ADD,CCP,Carriel Sur,Concepcion,CL,1,0,2753,EZE,1327,2753,EZE,1327,429,SCL
ADD,KKC,Khon Kaen,Khon Kaen,TH,0.5,0,2735,BKK,378,2735,BKK,378,171,VTE
ADD,WUS,Wuyishan,Wuyishan,CN,0.26,1,2732,PVG,531,2732,PVG,531,243,KHN
ADD,TRU,Carlos Martinez de Pinillos,Trujillo,PE,0.9,0,2722,LIM,490,2722,LIM,490,164,CIX
ADD,KJB,Kurnool Orvakal,Kurnool,IN,0.5,0,2721,DEL,1433,2721,DEL,1433,171,HYD
ADD,RTW,Gagarin,Saratov,RU,0.83,0,2708,SVO,744,2708,SVO,744,351,VOG
ADD,OMH,Urmia,Urmia,IR,0.7,0,2704,IKA,598,2704,IKA,598,176,VAN
ADD,PEE,Bolshoye Savino,Perm,RU,1,0,2657,SVO,1145,2657,SVO,1145,310,SVX
ADD,KCA,Kuqa Qiuci,Kuqa,CN,0.5,0,2644,DEL,1551,2644,DEL,1551,447,URC
ADD,SUF,Lamezia Terme,Lamezia Terme,IT,0.7,0,2631,IST,1094,2631,IST,1094,190,CTA
ADD,CDP,Kadapa,Kadapa,IN,0.5,0,2631,DEL,1572,2631,DEL,1572,185,BLR
ADD,GES,General Santos Intl,General Santos,PH,0.7,0,2625,CGK,2455,2625,CGK,2455,134,DVO
ADD,AJF,Al-Jawf,Sakaka,SA,0.5,0,2600,CAI,839,2600,CAI,839,304,HAS
ADD,DMU,Dimapur,Dimapur,IN,0.4,0,2588,DAC,409,2588,DAC,409,103,JRH
ADD,EZS,Elazig,Elazig,TR,0.6,0,2587,CAI,1190,2587,CAI,1190,106,MLX
ADD,DLI,Lien Khuong,Dalat,VN,0.4,1,2583,SIN,1252,2583,SIN,1252,96,CXR
ADD,VII,Vinh,Vinh,VN,0.5,0,2582,HKG,945,2582,HKG,945,256,HPH
ADD,JAF,Jaffna,Jaffna,LK,0.6,0,2550,DEL,2110,2550,DEL,2110,184,TRZ
ADD,BAL,Batman,Batman,TR,0.6,0,2549,CAI,1247,2549,CAI,1247,202,VAN
ADD,YIN,Yining,Yining,CN,0.5,0,2521,DEL,1753,2521,DEL,1753,352,ALA
ADD,HMI,Hami,Hami,CN,0.6,0,2515,DEL,2174,2515,DEL,2174,511,JGN
ADD,SBZ,Sibiu,Sibiu,RO,0.4,1,2496,IST,628,2496,IST,628,115,CLJ
ADD,UND,Kunduz,Kunduz,AF,0.37,0,2496,DEL,1183,2496,DEL,1183,208,DYU
ADD,PDV,Plovdiv,Plovdiv,BG,0.4,0,2492,IST,335,2492,IST,335,137,SOF
ADD,MCX,Uytash,Makhachkala,RU,0.7,0,2491,IKA,876,2491,IKA,876,256,TBS
ADD,GBT,Gorgan,Gorgan,IR,0.5,0,2484,IKA,335,2484,IKA,335,335,IKA
ADD,SLA,Martin Miguel de Guemes,Salta,AR,0.6,1,2477,GRU,1935,2477,GRU,1935,435,CJC
ADD,KGD,Khrabrovo,Kaliningrad,RU,0.5,0,2475,LHR,1447,2475,LHR,1447,148,GDN
ADD,BEP,Bellary,Bellary,IN,0.4,0,2475,BOM,610,2475,BOM,610,236,BLR
ADD,YNY,Yangyang Intl,Sokcho,KR,0.2,1,2473,HND,1027,2473,HND,1027,173,GMP
ADD,SDG,Sanandaj,Sanandaj,IR,0.5,0,2451,IKA,376,2451,IKA,376,293,EBL
ADD,JSR,Jessore,Jessore,BD,0.3,0,2448,DAC,146,2448,DAC,146,94,CCU
ADD,PLW,Mutiara SIS Al-Jufri,Palu,ID,0.4,0,2405,CGK,1580,2405,CGK,1580,338,BPN
ADD,AJL,Aizawl Lengpui,Aizawl,IN,0.3,0,2382,DAC,226,2382,DAC,226,195,CGP
ADD,ULY,Barataevka,Ulyanovsk,RU,0.62,0,2362,SVO,713,2362,SVO,713,163,KZN
ADD,TUG,Tuguegarao,Tuguegarao,PH,0.4,0,2362,PVG,1501,2362,PVG,1501,300,CRK
ADD,SBW,Sibu,Sibu,MY,0.3,0,2350,CGK,1105,2350,CGK,1105,203,KCH
ADD,JRG,Jharsuguda,Jharsuguda,IN,0.3,0,2350,DEL,1017,2350,DEL,1017,203,IXR
ADD,BIR,Biratnagar,Biratnagar,NP,0.3,0,2343,DEL,1028,2343,DEL,1028,109,IXB
ADD,LCG,A Coruna,A Coruna,ES,0.37,0,2337,LHR,1086,2337,LHR,1086,121,VGO
ADD,PGK,Depati Amir,Pangkal Pinang,ID,0.2,0,2326,CGK,445,2326,CGK,445,180,PLM
ADD,PBD,Porbandar,Porbandar,IN,0.3,0,2314,DEL,1073,2314,DEL,1073,137,RAJ
ADD,KDI,Haluoleo,Kendari,ID,0.4,0,2305,CGK,1760,2305,CGK,1760,336,UPG
ADD,AQI,Hafr Al-Batin,Hafr Al-Batin,SA,0.4,0,2303,DXB,1019,2303,DXB,1019,244,ELQ
ADD,TCR,Tuticorin,Thoothukudi,IN,0.5,0,2294,BOM,1280,2294,BOM,1280,124,IXM
ADD,BOJ,Burgas,Burgas,BG,0.25,1,2283,IST,177,2283,IST,177,177,IST
ADD,HLD,Hailar Dongshan,Hulunbuir,CN,0.3,1,2277,HND,2221,2277,HND,2221,626,HRB
ADD,PEI,Matecana,Pereira,CO,0.5,0,2270,BOG,177,2270,BOG,177,155,MDE
ADD,NWI,Norwich,Norwich,GB,0.2,0,2265,LHR,179,2265,LHR,179,113,STN
ADD,PEZ,Penza,Penza,RU,0.52,0,2248,SVO,584,2248,SVO,584,392,KZN
ADD,IJK,Izhevsk,Izhevsk,RU,0.65,0,2234,SVO,990,2234,SVO,990,165,NBC
ADD,KHD,Khorramabad,Khorramabad,IR,0.4,0,2229,DXB,1140,2229,DXB,1140,327,BSR
ADD,SDT,Saidu Sharif,Swat,PK,0.2,1,2223,DEL,827,2223,DEL,827,147,ISB
ADD,SVG,Stavanger Sola,Stavanger,NO,0.3,0,2209,LHR,909,2209,LHR,909,159,BGO
ADD,GTO,Jalaluddin,Gorontalo,ID,0.4,0,2209,CGK,1948,2209,CGK,1948,252,MDC
ADD,LDE,Tarbes-Lourdes-Pyrenees,Lourdes,FR,0.25,1,2208,LHR,922,2208,LHR,922,122,TLS
ADD,KGF,Sary-Arka,Karaganda,KZ,0.5,0,2205,DEL,2369,2205,DEL,2369,200,NQZ
ADD,NAV,Nevsehir Kapadokya,Nevsehir,TR,0.3,1,2203,IST,565,2203,IST,565,193,KYA
ADD,GIL,Gilgit,Gilgit,PK,0.2,1,2203,DEL,859,2203,DEL,859,297,ISB
ADD,BHK,Bukhara Intl,Bukhara,UZ,0.3,1,2171,DEL,1701,2171,DEL,1701,214,SKD
ADD,PSU,Iskandar,Pangkalan Bun,ID,0.2,0,2168,CGK,673,2168,CGK,673,353,BDJ
ADD,BFV,Buriram,Buriram,TH,0.3,0,2160,BKK,319,2160,BKK,319,174,UBP
ADD,KUH,Kushiro Tancho,Kushiro,JP,0.17,0,2159,NRT,873,2159,NRT,873,206,CTS
ADD,NLT,Nalati,Xinyuan,CN,0.3,1,2149,DEL,1746,2149,DEL,1746,333,URC
ADD,BTJ,Sultan Iskandar Muda,Banda Aceh,ID,0.3,0,2144,SIN,1058,2144,SIN,1058,431,HKT
ADD,PHS,Phitsanulok,Phitsanulok,TH,0.3,0,2140,BKK,347,2140,BKK,347,262,CNX
ADD,OBO,Tokachi-Obihiro,Obihiro,JP,0.16,0,2131,NRT,813,2131,NRT,813,125,CTS
ADD,KRY,Karamay,Karamay,CN,0.4,0,2124,DEL,2018,2124,DEL,2018,275,URC
ADD,UUS,Khomutovo,Yuzhno-Sakhalinsk,RU,0.2,0,2112,NRT,1253,2112,NRT,1253,465,CTS
ADD,SMR,Simon Bolivar,Santa Marta,CO,0.5,1,2100,BOG,714,2100,BOG,714,159,CTG
ADD,UUD,Mukhino,Ulan-Ude,RU,0.43,0,2081,HND,3127,2080,PEK,1481,215,IKT
ADD,EAM,Najran,Najran,SA,0.4,0,2077,DXB,1414,2077,DXB,1414,199,AHB
ADD,NOZ,Spichenkovo,Novokuznetsk,RU,0.55,0,2077,DEL,2918,902,URC,1102,170,KEJ
ADD,CXB,Cox's Bazar,Cox's Bazar,BD,0.2,1,2076,DAC,310,2076,DAC,310,90,CGP
ADD,LRT,Lorient Bretagne Sud,Lorient,FR,0.2,0,2060,LHR,465,2060,LHR,465,98,MXN
ADD,TOF,Bogashevo,Tomsk,RU,0.57,0,2024,DEL,3159,851,URC,1396,136,KEJ
ADD,HTA,Kadala,Chita,RU,0.35,0,2002,HND,2778,1937,PEK,1352,609,IKT
ADD,LZY,Nyingchi Mainling,Nyingchi,CN,0.24,1,1999,DAC,722,1999,DAC,722,213,DIB
ADD,PIU,Capitan Concha,Piura,PE,0.6,0,1995,LIM,850,1995,LIM,850,196,CIX
ADD,REN,Orenburg Tsentralny,Orenburg,RU,0.55,0,1993,DEL,3145,1909,SVO,1266,308,UFA
ADD,OSR,Ostrava Leos Janacek,Ostrava,CZ,0.3,0,1979,LHR,1321,1979,LHR,1321,110,KTW
ADD,AKX,Aktobe,Aktobe,KZ,0.5,0,1974,DEL,2936,1734,SVO,1460,488,UFA
ADD,CAH,Ca Mau,Ca Mau,VN,0.23,0,1972,SIN,879,1972,SIN,879,116,VCA
ADD,LUZ,Lublin,Lublin,PL,0.34,0,1966,LHR,1602,1966,LHR,1602,135,RZE
ADD,BHJ,Bhuj Rudra Mata,Bhuj,IN,0.2,0,1957,DEL,946,1957,DEL,946,158,RAJ
ADD,PNZ,Senador Nilo Coelho,Petrolina,BR,0.4,0,1949,GRU,1686,1949,GRU,1686,423,AJU
ADD,BXU,Bancasi,Butuan,PH,0.4,0,1948,HND,3295,1916,MNL,786,118,CGY
ADD,ASF,Narimanovo,Astrakhan,RU,0.5,0,1938,IST,1640,1938,IST,1640,305,GUW
ADD,CUE,Mariscal Lamar,Cuenca,EC,0.6,0,1930,BOG,1000,1930,BOG,1000,129,GYE
ADD,AXM,El Eden,Armenia,CO,0.3,1,1928,BOG,182,1928,BOG,182,122,CLO
ADD,CRA,Craiova,Craiova,RO,0.27,0,1928,IST,522,1928,IST,522,178,OTP
ADD,KSF,Kassel,Kassel,DE,0.2,0,1927,LHR,681,1927,LHR,681,119,HAJ
ADD,RUP,Rupsi,Dhubri,IN,0.2,0,1922,DAC,260,1922,DAC,260,148,PBH
ADD,SPD,Saidpur,Saidpur,BD,0.2,0,1921,DAC,261,1921,DAC,261,118,IXB
ADD,IXS,Silchar Kumbhirgram,Silchar,IN,0.2,0,1905,DAC,287,1905,DAC,287,193,GAU
ADD,BQS,Ignatyevo,Blagoveshchensk,RU,0.22,0,1890,HND,1931,1890,HND,1931,542,HRB
ADD,TKU,Turku,Turku,FI,0.33,0,1884,LHR,1719,1884,LHR,1719,123,TMP
ADD,TST,Trang,Trang,TH,0.2,0,1861,SIN,838,1861,SIN,838,107,HDY
ADD,CEE,Cherepovets,Cherepovets,RU,0.31,0,1859,SVO,369,1859,SVO,369,369,SVO
ADD,BTU,Bintulu,Bintulu,MY,0.2,0,1848,CGK,1248,1848,CGK,1248,171,MYY
ADD,INI,Nis Constantine,Nis,RS,0.26,0,1841,IST,612,1841,IST,612,108,PRN
ADD,NLH,Ninglang Lugu Lake,Lijiang,CN,0.25,1,1827,DAC,1116,1827,DAC,1116,108,LJG
ADD,YKS,Yakutsk,Yakutsk,RU,0.32,0,1826,HND,3033,727,SHE,2312,1845,HRB
ADD,KZO,Kyzylorda,Kyzylorda,KZ,0.3,0,1821,DEL,2064,1821,DEL,2064,408,CIT
ADD,KUU,Kullu Manali,Kullu,IN,0.1,1,1808,DEL,369,1808,DEL,369,139,IXC
ADD,DHM,Kangra Dharamshala,Dharamshala,IN,0.1,1,1786,DEL,408,1786,DEL,408,146,IXJ
ADD,MMB,Memanbetsu,Abashiri,JP,0.1,1,1776,NRT,959,1776,NRT,959,235,CTS
ADD,MCP,Alberto Alcolumbre,Macapa,BR,0.5,0,1771,GRU,2658,916,CNF,2321,329,BEL
ADD,NCU,Nukus,Nukus,UZ,0.3,0,1767,DEL,2205,1767,DEL,2205,512,ASB
ADD,PXU,Pleiku,Pleiku,VN,0.25,0,1758,SIN,1474,1758,SIN,1474,110,UIH
ADD,PWQ,Pavlodar,Pavlodar,KZ,0.35,0,1751,DEL,2629,1135,LHE,2310,301,PLX
ADD,TUK,Turbat,Turbat,PK,0.2,0,1745,DXB,773,1745,DXB,773,432,KHI
ADD,ZCO,La Araucania,Temuco,CL,0.4,0,1738,EZE,1335,1738,EZE,1335,282,PMC
ADD,CBO,Awang,Cotabato,PH,0.3,0,1722,CGK,2445,1722,CGK,2445,159,DVO
ADD,CEI,Chiang Rai Mae Fah Luang,Chiang Rai,TH,0.2,1,1718,BKK,702,1718,BKK,702,163,CNX
ADD,LGP,Bicol Intl,Legazpi,PH,0.2,1,1714,MNL,330,1714,MNL,330,221,KLO
ADD,LBD,Khujand,Khujand,TJ,0.2,0,1709,DEL,1462,1709,DEL,1462,122,TAS
ADD,KVD,Ganja Intl,Ganja,AZ,0.3,0,1703,IKA,727,1703,IKA,727,154,TBS
ADD,PKC,Yelizovo,Petropavlovsk-Kamchatsky,RU,0.18,1,1695,NRT,2395,1695,NRT,2395,1683,ADK
ADD,TMJ,Termez,Termez,UZ,0.18,0,1675,DEL,1332,1675,DEL,1332,192,DYU
ADD,KSC,Kosice,Kosice,SK,0.24,0,1663,LHR,1573,1663,LHR,1573,171,RZE
ADD,ANF,Andres Sabella,Antofagasta,CL,0.4,0,1653,GRU,2444,1653,GRU,2444,190,CJC
ADD,RGS,Burgos,Burgos,ES,0.18,0,1650,LHR,1041,1650,LHR,1041,119,BIO
ADD,ARH,Talagi,Arkhangelsk,RU,0.35,0,1646,SVO,976,1646,SVO,976,759,LED
ADD,UGC,Urgench,Urgench,UZ,0.2,1,1629,DEL,2076,1629,DEL,2076,444,ASB
ADD,PIS,Poitiers-Biard,Poitiers,FR,0.13,0,1619,LHR,545,1619,LHR,545,99,TUF
ADD,TAC,Daniel Z. Romualdez,Tacloban,PH,0.25,0,1617,MNL,567,1617,MNL,567,154,CEB
ADD,VDH,Dong Hoi,Dong Hoi,VN,0.16,1,1610,HKG,932,1610,HKG,932,172,HUI
ADD,IOS,Bahia-Jorge Amado,Ilheus,BR,0.18,1,1605,GRU,1235,1605,GRU,1235,225,SSA
ADD,RAE,Arar,Arar,SA,0.2,0,1600,CAI,937,1600,CAI,937,332,NJF
ADD,WNP,Naga,Naga,PH,0.2,0,1595,MNL,264,1595,MNL,264,232,KLO
ADD,DNH,Dunhuang Mogao,Dunhuang,CN,0.19,1,1591,DEL,2068,1591,DEL,2068,302,JGN
ADD,TBB,Tuy Hoa,Tuy Hoa,VN,0.2,0,1591,SIN,1427,1591,SIN,1427,105,UIH
ADD,DTB,Sisingamangaraja Silangit,Siborong-Borong,ID,0.1,1,1568,SIN,565,1568,SIN,565,154,KNO
ADD,GPA,Patras Araxos,Patras,GR,0.2,0,1565,IST,715,1565,IST,715,208,CFU
ADD,RBR,Placido de Castro,Rio Branco,BR,0.4,0,1563,GRU,2728,1547,LIM,1034,456,PVH
ADD,KVA,Kavala Megas Alexandros,Kavala,GR,0.13,1,1554,IST,347,1554,IST,347,146,SKG
ADD,JUL,Inca Manco Capac,Juliaca,PE,0.3,1,1553,LIM,843,1553,LIM,843,180,AQP
ADD,GOQ,Golmud,Golmud,CN,0.2,0,1552,DEL,1870,1552,DEL,1870,494,JGN
ADD,AAT,Altay,Altay,CN,0.2,1,1543,DEL,2334,1543,DEL,2334,430,URC
ADD,URY,Gurayat,Gurayat,SA,0.15,0,1538,CAI,580,1538,CAI,580,127,AMM
ADD,MZG,Penghu Magong,Magong,TW,0.1,1,1533,PVG,869,1533,PVG,869,127,RMQ
ADD,BPS,Porto Seguro,Porto Seguro,BR,0.15,1,1521,GRU,1095,1521,GRU,1095,401,SSA
ADD,SGC,Surgut,Surgut,RU,0.38,0,1518,DEL,3655,1294,SVO,2135,537,TJM
ADD,JDO,Orlando Bezerra,Juazeiro do Norte,BR,0.27,0,1504,GRU,1960,1504,GRU,1960,391,FOR
ADD,LGK,Langkawi Intl,Langkawi,MY,0.1,1,1493,SIN,727,1493,SIN,727,99,HDY
ADD,DEB,Debrecen,Debrecen,HU,0.2,0,1491,LHR,1648,1491,LHR,1648,175,CLJ
ADD,MMK,Murmansk,Murmansk,RU,0.3,0,1488,LHR,2600,1348,SVO,1444,784,UME
ADD,JSA,Jaisalmer,Jaisalmer,IN,0.08,1,1485,DEL,642,1485,DEL,642,395,UDR
ADD,URA,Uralsk Ak Zhol,Uralsk,KZ,0.3,0,1484,SVO,1073,1484,SVO,1073,449,GUW
ADD,ZBR,Konarak Chabahar,Chabahar,IR,0.1,1,1470,DXB,505,1470,DXB,505,296,MCT
ADD,SOQ,Domine Eduard Osok,Sorong,ID,0.25,0,1468,CGK,2794,1103,MNL,2052,474,AMQ
ADD,BHH,Bisha,Bisha,SA,0.2,0,1462,DXB,1432,1462,DXB,1432,194,AHB
ADD,BUW,Betoambari,Bau-Bau,ID,0.16,0,1457,CGK,1761,1457,CGK,1761,338,UPG
ADD,TIM,Mozes Kilangin,Timika,ID,0.3,0,1454,CGK,3351,469,CEB,2183,457,DJJ
ADD,DIG,Diqing Shangri-La,Shangri-La,CN,0.15,1,1450,DAC,1027,1450,DAC,1027,136,LJG
ADD,SZY,Olsztyn-Mazury,Olsztyn,PL,0.17,0,1439,LHR,1460,1439,LHR,1460,146,WAW
ADD,STM,Santarem Maestro Wilson,Santarem,BR,0.3,0,1415,GRU,2502,1003,BOG,2292,588,MAO
ADD,TTE,Sultan Babullah,Ternate,ID,0.2,0,1411,CGK,2427,1411,CGK,2427,284,MDC
ADD,BVB,Atlas Brasil Cantanhede,Boa Vista,BR,0.4,0,1407,GRU,3302,1382,BOG,1508,489,GEO
ADD,BCM,Bacau,Bacau,RO,0.15,0,1402,IST,603,1402,IST,603,91,IAS
ADD,ZAD,Zadar,Zadar,HR,0.13,1,1392,LHR,1432,1392,LHR,1432,99,SPU
ADD,BUS,Batumi Intl,Batumi,GE,0.16,1,1390,IST,1072,1390,IST,1072,166,TZX
ADD,OUL,Oulu,Oulu,FI,0.21,0,1380,LHR,2100,1380,LHR,2100,276,UME
ADD,TMC,Tambolaka,Sumba,ID,0.1,1,1369,CGK,1433,1369,CGK,1433,333,LOP
ADD,SJI,San Jose Mindoro,San Jose,PH,0.14,0,1346,MNL,239,1346,MNL,239,163,KLO
ADD,BJZ,Badajoz,Badajoz,ES,0.15,0,1343,LHR,1484,1343,LHR,1484,183,SVQ
ADD,KGT,Kangding,Kangding,CN,0.13,1,1341,PVG,1919,1341,PVG,1919,188,DCY
ADD,LAO,Laoag Intl,Laoag,PH,0.1,1,1315,PVG,1447,1315,PVG,1447,332,CRK
ADD,NJC,Nizhnevartovsk,Nizhnevartovsk,RU,0.28,0,1314,DEL,3602,1073,SVO,2301,615,TJM
ADD,TEZ,Tezpur,Tezpur,IN,0.1,0,1298,DAC,399,1298,DAC,399,136,GAU
ADD,PPK,Petropavl,Petropavl,KZ,0.22,0,1298,DEL,2983,1015,SVO,1994,266,OMS
ADD,PYB,Jeypore,Jeypore,IN,0.1,0,1288,DEL,1210,1288,DEL,1210,147,VTZ
ADD,SUG,Surigao,Surigao,PH,0.17,0,1288,HND,3212,1275,MNL,717,170,CGY
ADD,HEH,Heho,Heho,MM,0.1,1,1283,DAC,742,1283,DAC,742,135,MDL
ADD,GWD,Gwadar Intl,Gwadar,PK,0.1,0,1261,DXB,701,1261,DXB,701,449,MCT
ADD,ETM,Ramon,Eilat,IL,0.07,1,1240,CAI,354,1240,CAI,354,130,AQJ
ADD,KDU,Skardu Intl,Skardu,PK,0.06,1,1239,DEL,768,1239,DEL,768,227,IXL
ADD,TPP,Cadete Guevara,Tarapoto,PE,0.2,0,1233,LIM,618,1233,LIM,618,383,CIX
ADD,DOL,Deauville-Normandie,Deauville,FR,0.05,1,1219,LHR,238,1219,LHR,238,171,JER
ADD,RTG,Frans Sales Lega,Ruteng,ID,0.1,0,1212,CGK,1548,1212,CGK,1548,194,MNK
ADD,KUT,Kutaisi David Agmashenebeli,Kutaisi,GE,0.15,0,1202,IST,1144,1202,IST,1144,188,KSY
ADD,EGC,Bergerac Dordogne,Bergerac,FR,0.06,1,1139,LHR,742,1139,LHR,742,98,BOD
ADD,LUW,Syukuran Aminuddin,Luwuk,ID,0.1,0,1123,CGK,1875,1123,CGK,1875,375,MDC
ADD,ABT,Al-Baha,Al-Baha,SA,0.1,1,1114,DXB,1510,1114,DXB,1510,173,TIF
ADD,WGP,Umbu Mehang Kunda,Waingapu,ID,0.07,1,1113,CGK,1553,1113,CGK,1553,242,MNK
ADD,MKQ,Mopah,Merauke,ID,0.2,0,1113,CGK,3732,392,BNE,2486,522,HGU
ADD,WAE,Wadi al-Dawasir,Wadi al-Dawasir,SA,0.1,0,1107,DXB,1167,1107,DXB,1167,366,AHB
ADD,JZH,Jiuzhaigou Huanglong,Jiuzhaigou,CN,0.08,1,1102,PVG,1717,1102,PVG,1717,187,MIG
ADD,BRC,Bariloche,San Carlos de Bariloche,AR,0.13,1,1095,EZE,1310,1095,EZE,1310,164,PMC
ADD,PKZ,Pakse,Pakse,LA,0.09,0,1094,BKK,565,1094,BKK,565,99,UBP
ADD,SHW,Sharurah,Sharurah,SA,0.1,0,1093,DXB,1214,1093,DXB,1214,380,SAH
ADD,MBT,Moises Espinosa,Masbate,PH,0.1,0,1089,MNL,369,1089,MNL,369,156,KLO
ADD,MKW,Rendani,Manokwari,ID,0.15,0,1076,CGK,3094,822,MNL,2234,733,AMQ
ADD,OSI,Osijek,Osijek,HR,0.1,0,1076,LHR,1563,1076,LHR,1563,137,BEG
ADD,CJL,Chitral,Chitral,PK,0.05,1,1072,DEL,955,1072,DEL,955,277,ISB
ADD,DIU,Diu,Diu,IN,0.05,1,1071,BOM,272,1071,BOM,272,179,RAJ
ADD,HRI,Mattala Rajapaksa,Hambantota,LK,0.1,1,1052,DEL,2513,1021,BOM,1681,170,CMB
ADD,LBJ,Komodo,Labuan Bajo,ID,0.06,1,1048,CGK,1482,1048,CGK,1482,259,MNK
ADD,KUO,Kuopio,Kuopio,FI,0.12,0,1043,LHR,2101,1043,LHR,2101,281,TMP
ADD,KIH,Kish Intl,Kish,IR,0.04,1,1029,DXB,198,1029,DXB,198,198,DXB
ADD,RDZ,Rodez Aveyron,Rodez,FR,0.06,0,1015,LHR,815,1015,LHR,815,124,TLS
ADD,ULH,Prince Abdul Majeed AlUla,AlUla,SA,0.06,1,1012,CAI,762,1012,CAI,762,250,TUU
ADD,GDX,Sokol,Magadan,RU,0.09,0,1010,NRT,2786,341,HRB,2263,2002,CTS
ADD,PLQ,Palanga,Palanga,LT,0.07,1,1005,LHR,1496,1005,LHR,1496,206,RIX
ADD,VXO,Vaxjo Smaland,Vaxjo,SE,0.07,0,998,LHR,1155,998,LHR,1155,168,GOT
ADD,DIN,Dien Bien Phu,Dien Bien Phu,VN,0.08,0,982,HKG,1129,982,HKG,1129,188,LPQ
ADD,HAU,Haugesund Karmoy,Haugesund,NO,0.06,0,978,LHR,945,978,LHR,945,105,BGO
ADD,BIK,Frans Kaisiepo,Biak,ID,0.13,0,972,HND,4103,738,MNL,2410,514,DJJ
ADD,NYU,Nyaung U Bagan,Bagan,MM,0.05,1,961,DAC,551,961,DAC,551,123,MDL
ADD,KRW,Turkmenbashi,Turkmenbashi,TM,0.07,1,956,IKA,541,956,IKA,541,256,GYD
ADD,NAJ,Nakhchivan,Nakhchivan,AZ,0.09,0,953,IKA,655,953,IKA,655,140,EVN
ADD,EJH,Al Wajh,Al Wajh,SA,0.05,1,952,CAI,661,952,CAI,661,242,TUU
ADD,ESL,Elista,Elista,RU,0.1,0,925,IST,1371,925,IST,1371,258,MRV
ADD,LPX,Liepaja,Liepaja,LV,0.07,0,912,LHR,1509,912,LHR,1509,181,RIX
ADD,TOS,Tromso,Tromso,NO,0.08,1,904,LHR,2261,904,LHR,2261,658,UME
ADD,DQM,Duqm Intl,Duqm,OM,0.05,0,897,DXB,681,897,DXB,681,460,MCT
ADD,PUQ,Pdte Carlos Ibanez,Punta Arenas,CL,0.13,1,883,EZE,2242,883,EZE,2242,264,USH
ADD,ZER,Ziro,Ziro,IN,0.05,0,878,DAC,540,878,DAC,540,102,JRH
ADD,USU,Francisco Reyes,Coron,PH,0.05,1,870,MNL,284,870,MNL,284,253,KLO
ADD,LLA,Lulea,Lulea,SE,0.08,0,867,LHR,2018,867,LHR,2018,213,UME
ADD,NBX,Douw Aturure,Nabire,ID,0.1,0,860,CGK,3210,282,CEB,1985,564,DJJ
ADD,PVK,Aktion Preveza,Preveza,GR,0.05,1,857,IST,725,857,IST,725,105,CFU
ADD,TAT,Poprad-Tatry,Poprad,SK,0.05,1,851,LHR,1489,851,LHR,1489,117,KRK
ADD,KJI,Kanas,Burqin,CN,0.06,1,843,DEL,2345,843,DEL,2345,385,UKK
ADD,JOE,Joensuu,Joensuu,FI,0.08,0,839,LHR,2171,839,LHR,2171,320,LED
ADD,OSD,Ostersund Are,Ostersund,SE,0.05,1,834,LHR,1574,834,LHR,1574,181,TRD
ADD,KSU,Kristiansund Kvernberget,Kristiansund,NO,0.05,0,795,LHR,1384,795,LHR,1384,106,AES
ADD,SPC,La Palma,Santa Cruz de la Palma,ES,0.08,1,794,LHR,2919,526,MAD,1845,134,TFS
ADD,NUX,Novy Urengoy,Novy Urengoy,RU,0.12,0,793,HND,5244,698,SVO,2334,1071,TJM
ADD,RVN,Rovaniemi,Rovaniemi,FI,0.06,1,790,LHR,2220,790,LHR,2220,402,UME
ADD,ADZ,Gustavo Rojas Pinilla,San Andres,CO,0.06,1,769,MEX,2004,769,MEX,2004,397,SJO
ADD,ZTH,Zakynthos,Zakynthos,GR,0.04,1,755,IST,779,755,IST,779,222,CFU
ADD,EFL,Kefalonia,Kefalonia,GR,0.04,1,753,IST,786,753,IST,786,172,CFU
ADD,AUR,Aurillac,Aurillac,FR,0.03,0,729,LHR,761,729,LHR,761,115,CFE
ADD,BOO,Bodo,Bodo,NO,0.05,0,698,LHR,1935,698,LHR,1935,453,TRD
ADD,TER,Lajes,Terceira,PT,0.05,1,681,LHR,2501,400,MAD,2018,166,PDL
ADD,VBY,Visby,Visby,SE,0.03,1,676,LHR,1387,676,LHR,1387,151,NYO
ADD,EVE,Harstad Narvik,Harstad,NO,0.04,0,602,LHR,2102,602,LHR,2102,547,UME
ADD,FKQ,Fakfak Torea,Fakfak,ID,0.04,0,580,CGK,2861,418,MNL,2301,472,AMQ
ADD,AEY,Akureyri,Akureyri,IS,0.02,1,490,LHR,1893,490,LHR,1893,233,UME
ADD,NYM,Nadym,Nadym,RU,0.045,0,485,DEL,4117,444,SVO,2150,947,TJM
ADD,KRN,Kiruna,Kiruna,SE,0.02,1,464,LHR,2137,464,LHR,2137,448,UME
ADD,FTE,El Calafate,El Calafate,AR,0.03,1,443,EZE,2038,443,EZE,2038,567,USH
ADD,ALF,Alta,Alta,NO,0.02,1,440,LHR,2396,440,LHR,2396,701,UME
ADD,AOK,Karpathos,Karpathos,GR,0.01,1,419,CAI,712,419,CAI,712,138,RHO
ADD,JSI,Skiathos,Skiathos,GR,0.01,1,410,IST,501,410,IST,501,143,ATH
ADD,AGX,Agatti,Agatti,IN,0.01,1,392,BOM,923,392,BOM,923,413,CCJ
ADD,DYR,Ugolny,Anadyr,RU,0.015,0,331,NRT,4059,45,ANC,1659,800,OME
ADD,IVL,Ivalo,Ivalo,FI,0.01,1,310,LHR,2411,310,LHR,2411,623,UME
ADD,KKN,Kirkenes Hoybuktmoen,Kirkenes,NO,0.01,1,301,LHR,2564,262,SVO,1574,782,UME
ADD,HOR,Horta,Horta,PT,0.01,1,297,LHR,2623,173,MAD,2162,278,PDL
ADD,MLO,Milos,Milos,GR,0.005,1,279,IST,626,279,IST,626,95,JTR
DUPLICATE,AEP,Aeroparque Jorge Newbery,Buenos Aires,AR,15,0,15774,EZE,31,15774,EZE,31,31,EZE
DUPLICATE,JJN,Quanzhou Jinjiang,Quanzhou,CN,8.7,0,13378,PVG,772,13378,PVG,772,55,XMN
DUPLICATE,TVS,Tangshan Sannvhe,Tangshan,CN,7.7,0,13187,PKX,138,13187,PKX,138,87,TSN
DUPLICATE,CZX,Changzhou Benniu,Changzhou,CN,5.3,0,12469,PVG,210,12469,PVG,210,78,WUX
DUPLICATE,THR,Mehrabad Intl,Tehran,IR,9,0,11697,IKA,33,11697,IKA,33,33,IKA
DUPLICATE,AQG,Anqing Tianzhushan,Anqing,CN,4.5,0,10589,PVG,458,10589,PVG,458,84,HFE
DUPLICATE,JIU,Jiujiang Lushan,Jiujiang,CN,4.6,0,10226,PVG,605,10226,PVG,605,70,KHN
DUPLICATE,WHU,Wuhu Xuanzhou,Wuhu,CN,3.7,0,10029,PVG,323,10029,PVG,323,58,NKG
DUPLICATE,KNU,Kanpur Chakeri,Kanpur,IN,3,0,8911,DEL,405,8911,DEL,405,62,LKO
DUPLICATE,OKD,Okadama,Sapporo,JP,2.6,0,8564,NRT,823,8564,NRT,823,46,CTS
DUPLICATE,SOC,Adisumarmo,Surakarta,ID,2.5,0,8138,CGK,478,8138,CGK,478,75,SRG
DUPLICATE,MLG,Abdul Rachman Saleh,Malang,ID,2.5,0,7610,CGK,697,7610,CGK,697,62,SUB
DUPLICATE,LUH,Ludhiana Sahnewal,Ludhiana,IN,1.7,0,6995,DEL,278,6995,DEL,278,83,IXC
DUPLICATE,LBA,Leeds Bradford,Leeds,GB,1.9,0,6746,LHR,279,6746,LHR,279,70,MAN
DUPLICATE,GHN,Guanghan,Deyang,CN,3.5,0,6721,PVG,1662,6721,PVG,1662,63,MIG
DUPLICATE,HSN,Zhoushan Putuoshan,Zhoushan,CN,1.2,1,6667,PVG,145,6667,PVG,145,87,NGB
DUPLICATE,ALP,Aleppo Intl,Aleppo,SY,2.1,0,5289,CAI,865,5289,CAI,865,89,GZT
DUPLICATE,KMQ,Komatsu,Kanazawa,JP,0.7,0,5213,HND,317,5213,HND,317,75,TOY
DUPLICATE,OKJ,Okayama Momotaro,Okayama,JP,0.7,0,4846,HND,545,4846,HND,545,63,TAK
DUPLICATE,XNH,Mosul Intl,Mosul,IQ,1.7,0,4242,CAI,1291,4242,CAI,1291,0,OSM
DUPLICATE,TKS,Tokushima Awaodori,Tokushima,JP,0.5,0,4157,HND,497,4157,HND,497,55,TAK
DUPLICATE,UBJ,Yamaguchi Ube,Ube,JP,0.5,0,3798,HND,797,3798,HND,797,24,KKJ
DUPLICATE,SHL,Shillong Umroi,Shillong,IN,0.6,1,3656,DAC,261,3656,DAC,261,60,GAU
DUPLICATE,KPO,Pohang Gyeongju,Pohang,KR,0.5,0,3651,HND,936,3651,HND,936,45,USN
DUPLICATE,JGA,Jamnagar,Jamnagar,IN,0.7,0,3624,DEL,982,3624,DEL,982,81,RAJ
DUPLICATE,YGJ,Yonago Kitaro,Yonago,JP,0.4,0,3611,HND,592,3611,HND,592,84,TTJ
DUPLICATE,HIN,Sacheon,Jinju,KR,0.5,0,3525,HND,1063,3525,HND,1063,50,RSU
DUPLICATE,BHD,Belfast City,Belfast,GB,0.6,0,3525,LHR,504,3525,LHR,504,23,BFS
DUPLICATE,CWL,Cardiff,Cardiff,GB,0.49,0,3519,LHR,200,3519,LHR,200,43,BRS
DUPLICATE,DTM,Dortmund,Dortmund,DE,0.59,0,3437,LHR,558,3437,LHR,558,64,DUS
DUPLICATE,MME,Teesside,Durham,GB,0.5,0,3386,LHR,344,3386,LHR,344,61,NCL
DUPLICATE,TLN,Toulon-Hyeres,Toulon,FR,0.6,1,3298,LHR,1054,3298,LHR,1054,84,MRS
DUPLICATE,IXA,Agartala Maharaja Bir,Agartala,IN,0.5,0,3229,DAC,86,3229,DAC,86,86,DAC
DUPLICATE,RKT,Ras Al Khaimah Intl,Ras Al Khaimah,AE,0.4,0,3096,DXB,71,3096,DXB,71,52,SHJ
DUPLICATE,KUV,Gunsan,Gunsan,KR,0.4,0,3050,HND,1188,3050,HND,1188,87,KWJ
DUPLICATE,BCD,Bacolod-Silay,Bacolod,PH,0.8,0,2984,MNL,468,2984,MNL,468,57,ILO
DUPLICATE,SCQ,Santiago de Compostela,Santiago de Compostela,ES,0.5,1,2953,LHR,1126,2953,LHR,1126,76,VGO
DUPLICATE,BES,Brest Bretagne,Brest,FR,0.4,0,2937,LHR,440,2937,LHR,440,47,MXN
DUPLICATE,RMU,Region de Murcia,Murcia,ES,0.6,1,2925,LHR,1521,2925,LHR,1521,28,MJV
DUPLICATE,EAS,San Sebastian,San Sebastian,ES,0.4,1,2804,LHR,907,2804,LHR,907,24,BIQ
DUPLICATE,AOR,Sultan Abdul Halim,Alor Setar,MY,0.4,0,2766,SIN,669,2766,SIN,669,82,HDY
DUPLICATE,SLV,Shimla,Shimla,IN,0.2,1,2634,DEL,280,2634,DEL,280,53,IXC
DUPLICATE,AZN,Andizhan,Andijan,UZ,0.45,0,2589,DEL,1422,2589,DEL,1422,44,OSS
DUPLICATE,QSR,Salerno Costa d'Amalfi,Salerno,IT,0.5,1,2568,LHR,1685,2568,LHR,1685,60,NAP
DUPLICATE,FNI,Nimes Garons,Nimes,FR,0.4,0,2535,LHR,931,2535,LHR,931,42,MPL
DUPLICATE,NRN,Weeze Niederrhein,Weeze,DE,0.3,0,2530,LHR,456,2530,LHR,456,56,DUS
DUPLICATE,UTH,Udon Thani,Udon Thani,TH,0.4,0,2378,BKK,466,2378,BKK,466,71,VTE
DUPLICATE,ABD,Abadan Intl,Abadan,IR,0.4,0,2378,DXB,903,2378,DXB,903,58,BSR
DUPLICATE,TPS,Trapani Birgi,Trapani,IT,0.4,1,2228,LHR,1816,2228,LHR,1816,61,PMO
DUPLICATE,SEN,London Southend,Southend,GB,0.18,0,2224,LHR,80,2224,LHR,80,45,LCY
DUPLICATE,REG,Reggio Calabria,Reggio Calabria,IT,0.5,0,2200,LHR,1950,2200,LHR,1950,84,CTA
DUPLICATE,TTT,Taitung,Taitung,TW,0.2,1,2128,PVG,934,2128,PVG,934,80,KHH
DUPLICATE,KUN,Kaunas,Kaunas,LT,0.4,0,2098,LHR,1669,2098,LHR,1669,86,VNO
DUPLICATE,DGT,Sibulan,Dumaguete,PH,0.4,0,2008,MNL,627,2008,MNL,627,71,TAG
DUPLICATE,VCL,Chu Lai,Tam Ky,VN,0.3,0,2001,HKG,943,2001,HKG,943,90,DAD
DUPLICATE,VIT,Vitoria,Vitoria-Gasteiz,ES,0.25,0,1983,LHR,970,1983,LHR,970,49,BIO
DUPLICATE,EGO,Belgorod,Belgorod,RU,0.39,0,1941,SVO,595,1941,SVO,595,83,HRK
DUPLICATE,VKG,Rach Gia,Rach Gia,VN,0.23,0,1926,SIN,965,1926,SIN,965,65,VCA
DUPLICATE,TJV,Thanjavur,Thanjavur,IN,0.3,0,1849,DEL,1995,1849,DEL,1995,43,TRZ
DUPLICATE,FJR,Fujairah Intl,Fujairah,AE,0.13,0,1748,DXB,98,1748,DXB,98,84,SHJ
DUPLICATE,VBS,Brescia Montichiari,Brescia,IT,0.2,0,1740,LHR,1039,1740,LHR,1039,44,VRN
DUPLICATE,KOS,Sihanoukville,Sihanoukville,KH,0.16,1,1735,SIN,1026,1735,SIN,1026,53,PQC
DUPLICATE,PEG,Perugia San Francesco,Perugia,IT,0.16,1,1578,LHR,1346,1578,LHR,1346,90,AOI
DUPLICATE,RMI,Federico Fellini,Rimini,IT,0.15,1,1555,LHR,1277,1555,LHR,1277,75,AOI
DUPLICATE,BVA,Paris Beauvais,Beauvais,FR,0.1,0,1543,LHR,289,1543,LHR,289,58,CDG
DUPLICATE,RXS,Roxas,Roxas,PH,0.2,0,1538,MNL,374,1538,MNL,374,41,KLO
DUPLICATE,BZO,Bolzano,Bolzano,IT,0.11,1,1424,LHR,1023,1424,LHR,1023,89,INN
DUPLICATE,UIP,Quimper Cornouaille,Quimper,FR,0.08,0,1300,LHR,472,1300,LHR,472,75,MXN
DUPLICATE,FRL,Forli,Forli,IT,0.12,0,1280,LHR,1233,1280,LHR,1233,73,BLQ
DUPLICATE,KIR,Kerry,Killarney,IE,0.07,1,1273,LHR,628,1273,LHR,628,71,SNN
DUPLICATE,OMO,Mostar,Mostar,BA,0.11,1,1216,LHR,1645,1216,LHR,1645,71,SJJ
DUPLICATE,OZC,Labo Ozamiz,Ozamiz,PH,0.13,0,1125,CGK,2482,1125,CGK,2482,83,CGY
DUPLICATE,ENE,H. Hasan Aroeboesman,Ende,ID,0.09,0,1114,CGK,1681,1114,CGK,1681,68,MNK
DUPLICATE,FDH,Friedrichshafen,Friedrichshafen,DE,0.06,1,1109,LHR,832,1109,LHR,832,76,ZRH
DUPLICATE,LWN,Gyumri Shirak,Gyumri,AM,0.12,0,1041,IST,1268,1041,IST,1268,66,KSY
DUPLICATE,CGM,Camiguin,Mambajao,PH,0.09,1,1021,MNL,709,1021,MNL,709,76,CGY
DUPLICATE,CCF,Carcassonne,Carcassonne,FR,0.05,1,982,LHR,940,982,LHR,940,70,PGF
DUPLICATE,CUF,Cuneo Levaldigi,Cuneo,IT,0.06,0,970,LHR,975,970,LHR,975,72,TRN
DUPLICATE,OHD,Ohrid St Paul,Ohrid,MK,0.06,1,955,IST,669,955,IST,669,89,TIA
DUPLICATE,TIV,Tivat,Tivat,ME,0.04,1,742,IST,839,742,IST,839,41,DBV
DUPLICATE,SMI,Samos,Samos,GR,0.03,1,728,IST,427,728,IST,427,70,ADB
DUPLICATE,EBA,Marina di Campo Elba,Elba,IT,0.03,1,698,LHR,1259,698,LHR,1259,66,BIA
DUPLICATE,MOL,Molde Aro,Molde,NO,0.03,1,685,LHR,1335,685,LHR,1335,62,AES
DUPLICATE,JNX,Naxos,Naxos,GR,0.02,1,572,IST,548,572,IST,548,39,JMK
DUPLICATE,PXO,Porto Santo,Porto Santo,PT,0.005,1,219,LHR,2417,219,LHR,2417,57,FNC
EXISTS,RPR,Bilaspur,Bilaspur,IN,0.8,0,0,,,0,,,0,RPR
EXISTS,RMQ,Taichung,Taichung,TW,2.8,0,0,,,0,,,0,RMQ
EXISTS,ERF,Erfurt-Weimar,Erfurt,DE,0.8,0,0,,,0,,,0,ERF
EXISTS,FKB,Karlsruhe Baden-Baden,Karlsruhe,DE,1.1,0,0,,,0,,,0,FKB
EXISTS,RNS,Rennes Saint-Jacques,Rennes,FR,0.7,0,0,,,0,,,0,RNS
EXISTS,CFE,Clermont-Ferrand Auvergne,Clermont-Ferrand,FR,0.5,0,0,,,0,,,0,CFE
EXISTS,BIQ,Biarritz Pays Basque,Biarritz,FR,0.3,1,0,,,0,,,0,BIQ
EXISTS,BIA,Bastia Poretta,Bastia,FR,0.15,1,0,,,0,,,0,BIA
EXISTS,TRN,Turin Caselle,Turin,IT,1.8,0,0,,,0,,,0,TRN
EXISTS,GOA,Genoa Cristoforo Colombo,Genoa,IT,0.8,0,0,,,0,,,0,GOA
EXISTS,OLB,Olbia Costa Smeralda,Olbia,IT,0.16,1,0,,,0,,,0,OLB
EXISTS,AHO,Alghero Riviera del Corallo,Alghero,IT,0.13,1,0,,,0,,,0,AHO
EXISTS,BDS,Brindisi Salento,Brindisi,IT,0.4,1,0,,,0,,,0,BDS
EXISTS,OVD,Asturias,Oviedo,ES,0.8,0,0,,,0,,,0,OVD
EXISTS,ZAZ,Zaragoza,Zaragoza,ES,0.9,0,0,,,0,,,0,ZAZ
EXISTS,GRX,Granada-Jaen,Granada,ES,0.6,1,0,,,0,,,0,GRX
EXISTS,XRY,Jerez,Jerez,ES,0.5,1,0,,,0,,,0,XRY
EXISTS,MAH,Menorca,Mahon,ES,0.09,1,0,,,0,,,0,MAH
EXISTS,FUE,Fuerteventura,Puerto del Rosario,ES,0.12,1,0,,,0,,,0,FUE
EXISTS,INV,Inverness,Inverness,GB,0.07,1,0,,,0,,,0,INV
EXISTS,EXT,Exeter,Exeter,GB,0.13,0,0,,,0,,,0,EXT
EXISTS,ORK,Cork,Cork,IE,0.4,0,0,,,0,,,0,ORK
EXISTS,NOC,Ireland West Knock,Charlestown,IE,0.05,1,0,,,0,,,0,NOC
EXISTS,WRO,Copernicus Wroclaw,Wroclaw,PL,0.9,0,0,,,0,,,0,WRO
EXISTS,POZ,Poznan-Lawica,Poznan,PL,0.8,0,0,,,0,,,0,POZ
EXISTS,KTW,Katowice,Katowice,PL,2.7,0,0,,,0,,,0,KTW
EXISTS,RZE,Rzeszow-Jasionka,Rzeszow,PL,0.4,0,0,,,0,,,0,RZE
EXISTS,SZZ,Szczecin-Goleniow,Szczecin,PL,0.5,0,0,,,0,,,0,SZZ
EXISTS,ODS,Odesa Intl,Odesa,UA,1,0,0,,,0,,,0,ODS
EXISTS,LWO,Lviv Danylo Halytskyi,Lviv,UA,0.8,0,0,,,0,,,0,LWO
EXISTS,HRK,Kharkiv,Kharkiv,UA,1.4,0,0,,,0,,,0,HRK
EXISTS,DNK,Dnipro,Dnipro,UA,1,0,0,,,0,,,0,DNK
EXISTS,CLJ,Cluj-Napoca,Cluj-Napoca,RO,0.8,0,0,,,0,,,0,CLJ
EXISTS,TSR,Timisoara Traian Vuia,Timisoara,RO,0.7,0,0,,,0,,,0,TSR
EXISTS,IAS,Iasi,Iasi,RO,0.5,0,0,,,0,,,0,IAS
EXISTS,PUY,Pula,Pula,HR,0.09,1,0,,,0,,,0,PUY
EXISTS,RJK,Rijeka,Rijeka,HR,0.18,1,0,,,0,,,0,RJK
EXISTS,SJJ,Sarajevo,Sarajevo,BA,0.6,0,0,,,0,,,0,SJJ
EXISTS,TGD,Podgorica,Podgorica,ME,0.19,0,0,,,0,,,0,TGD
EXISTS,SKP,Skopje Intl,Skopje,MK,0.6,0,0,,,0,,,0,SKP
EXISTS,PRN,Pristina Intl,Pristina,RS,0.6,0,0,,,0,,,0,PRN
EXISTS,TIA,Tirana Nene Tereza,Tirana,AL,0.9,0,0,,,0,,,0,TIA
EXISTS,JTR,Santorini Thira,Santorini,GR,0.02,1,0,,,0,,,0,JTR
EXISTS,JMK,Mykonos,Mykonos,GR,0.01,1,0,,,0,,,0,JMK
EXISTS,RHO,Rhodes Diagoras,Rhodes,GR,0.12,1,0,,,0,,,0,RHO
EXISTS,HER,Heraklion Kazantzakis,Heraklion,GR,0.21,1,0,,,0,,,0,HER
EXISTS,CFU,Corfu Kapodistrias,Corfu,GR,0.1,1,0,,,0,,,0,CFU
EXISTS,KGS,Kos Hippocrates,Kos,GR,0.03,1,0,,,0,,,0,KGS
EXISTS,BGO,Bergen Flesland,Bergen,NO,0.42,0,0,,,0,,,0,BGO
EXISTS,TRD,Trondheim Vaernes,Trondheim,NO,0.28,0,0,,,0,,,0,TRD
EXISTS,GOT,Gothenburg Landvetter,Gothenburg,SE,1,0,0,,,0,,,0,GOT
EXISTS,MMX,Malmo,Malmo,SE,0.7,0,0,,,0,,,0,MMX
EXISTS,PDL,Joao Paulo II,Ponta Delgada,PT,0.14,1,0,,,0,,,0,PDL
EXISTS,EIN,Eindhoven,Eindhoven,NL,0.78,0,0,,,0,,,0,EIN
EXISTS,SZG,Salzburg,Salzburg,AT,0.4,1,0,,,0,,,0,SZG
EXISTS,GRZ,Graz,Graz,AT,0.36,0,0,,,0,,,0,GRZ
EXISTS,BRQ,Brno-Turany,Brno,CZ,0.4,0,0,,,0,,,0,BRQ
EXISTS,CRL,Brussels South Charleroi,Charleroi,BE,0.2,0,0,,,0,,,0,CRL
EXISTS,OSS,Osh,Osh,KG,0.3,0,0,,,0,,,0,OSS
EXISTS,ADE,Aden Intl,Aden,YE,1,0,0,,,0,,,0,ADE
EXISTS,KBL,Hamid Karzai Intl,Kabul,AF,4.6,0,0,,,0,,,0,KBL
EXISTS,DRS,Dresden,Dresden,DE,0.56,0,0,,,0,,,0,DRS
EXISTS,LEJ,Leipzig Halle,Leipzig,DE,0.6,0,0,,,0,,,0,LEJ
EXISTS,MPL,Montpellier Mediterranee,Montpellier,FR,0.6,0,0,,,0,,,0,MPL
EXISTS,GNB,Grenoble Alpes-Isere,Grenoble,FR,0.5,1,0,,,0,,,0,GNB
EXISTS,LIG,Limoges,Limoges,FR,0.2,0,0,,,0,,,0,LIG
EXISTS,TRS,Trieste,Trieste,IT,0.2,0,0,,,0,,,0,TRS
EXISTS,AOI,Ancona Falconara,Ancona,IT,0.1,0,0,,,0,,,0,AOI
EXISTS,LEI,Almeria,Almeria,ES,0.2,1,0,,,0,,,0,LEI
EXISTS,SDR,Santander,Santander,ES,0.29,0,0,,,0,,,0,SDR
EXISTS,ACE,Lanzarote,Arrecife,ES,0.15,1,0,,,0,,,0,ACE
EXISTS,VGO,Vigo,Vigo,ES,0.3,0,0,,,0,,,0,VGO
EXISTS,ABZ,Aberdeen,Aberdeen,GB,0.2,0,0,,,0,,,0,ABZ
EXISTS,EMA,East Midlands,Nottingham,GB,1,0,0,,,0,,,0,EMA
EXISTS,UME,Umea,Umea,SE,0.13,0,0,,,0,,,0,UME
EXISTS,AAL,Aalborg,Aalborg,DK,0.22,0,0,,,0,,,0,AAL
EXISTS,BLL,Billund,Billund,DK,0.1,1,0,,,0,,,0,BLL
EXISTS,CHQ,Chania,Chania,GR,0.08,1,0,,,0,,,0,CHQ
EXISTS,SKG,Thessaloniki Makedonia,Thessaloniki,GR,1,0,0,,,0,,,0,SKG
EXISTS,PFO,Paphos Intl,Paphos,CY,0.09,1,0,,,0,,,0,PFO
EXISTS,LJU,Ljubljana Joze Pucnik,Ljubljana,SI,0.3,0,0,,,0,,,0,LJU
EXISTS,KHS,Khasab,Khasab,OM,0.02,1,0,,,0,,,0,KHS
EXISTS,SAH,Sanaa Intl,Sanaa,YE,3,0,0,,,0,,,0,SAH
EXISTS,LRH,La Rochelle-Ile de Re,La Rochelle,FR,0.13,1,0,,,0,,,0,LRH
EXISTS,SCN,Saarbrucken,Saarbrucken,DE,0.18,0,0,,,0,,,0,SCN
EXISTS,RLG,Rostock-Laage,Rostock,DE,0.2,0,0,,,0,,,0,RLG
EXISTS,PSR,Abruzzo,Pescara,IT,0.36,0,0,,,0,,,0,PSR
EXISTS,CIY,Comiso,Comiso,IT,0.2,0,0,,,0,,,0,CIY
EXISTS,PMF,Parma,Parma,IT,0.2,0,0,,,0,,,0,PMF
EXISTS,VLL,Valladolid,Valladolid,ES,0.4,0,0,,,0,,,0,VLL
EXISTS,NQY,Cornwall Newquay,Newquay,GB,0.1,1,0,,,0,,,0,NQY
EXISTS,BOH,Bournemouth,Bournemouth,GB,0.4,1,0,,,0,,,0,BOH
EXISTS,LEN,Leon,Leon,ES,0.13,0,0,,,0,,,0,LEN